userid,first_name,gender
89982092,Feliza,Female
181864420,Sheilah,Female
26883318,Joy,Female
179460632,Keefe,Male
173813279,Sanford,Male
201580336,Ardeen,Female
80169798,Lesya,Female
149545813,Robbie,Male
132912902,Neils,Male
158371685,Millicent,Female
89206696,Cecil,Male
94320305,Marleah,Female
141096635,Roze,Female
110435538,Sabine,Female
90591708,Julius,Male
153781494,Brand,Male
41199144,Berti,Female
166174518,Lonnard,Male
157400135,Karon,Female
138095203,Martie,Female
71531372,Brandon,Male
52092024,Carce,Male
133876398,Damaris,Female
83288263,Ulberto,Male
130938831,Madalyn,Female
163773408,Liz,Female
136554234,Dyan,Female
144764238,Pattin,Male
118387306,Tito,Male
172112863,Lewie,Male
69972730,Jessica,Female
64956422,Todd,Male
145865230,Isidora,Female
135149099,Ansel,Male
57951059,Lincoln,Male
114323615,Leandra,Female
36183602,Danita,Female
172968741,Binnie,Female
55881564,Fannie,Female
136552311,Al,Male
